{
    "regions": [
        {
            "name": "NGC 5496",
            "ra1": 212.92164,
            "dec1": -1.11075,
            "ra2": 212.87923,
            "dec2": -1.21423
        },
        {
            "name": "NGC 5792",
            "ra1": 224.66579,
            "dec1": -1.02146,
            "ra2": 224.52278,
            "dec2": -1.11573
        }
    ]
}
